<?xml version="1.0" encoding="UTF-8"?>
<faces-config
    xmlns="http://xmlns.jcp.org/xml/ns/javaee"
    xmlns:xsi="http://www.w3.org/2001/XMLSchema-instance"
    xsi:schemaLocation="http://xmlns.jcp.org/xml/ns/javaee http://xmlns.jcp.org/xml/ns/javaee/web-facesconfig_2_2.xsd"
    version="2.2">
	<managed-bean>
		<managed-bean-name>ListBean</managed-bean-name>
		<managed-bean-class>ListBean</managed-bean-class>
		<managed-bean-scope>view</managed-bean-scope>
	</managed-bean>
	<managed-bean>
		<managed-bean-name>StockBean</managed-bean-name>
		<managed-bean-class>StockBean</managed-bean-class>
		<managed-bean-scope>request</managed-bean-scope>
	</managed-bean>
	<managed-bean>
		<managed-bean-name>DeleteBean</managed-bean-name>
		<managed-bean-class>DeleteBean</managed-bean-class>
		<managed-bean-scope>request</managed-bean-scope>
	</managed-bean>
	<managed-bean>
		<managed-bean-name>ModBean</managed-bean-name>
		<managed-bean-class>ModBean</managed-bean-class>
		<managed-bean-scope>request</managed-bean-scope>
	</managed-bean>
	<managed-bean>
		<managed-bean-name>CreateBean</managed-bean-name>
		<managed-bean-class>CreateBean</managed-bean-class>
		<managed-bean-scope>application</managed-bean-scope>
	</managed-bean>

</faces-config>